region,icb,org_code,org_name,avg_daily_nctr,avg_daily_discharged,avg_daily_not_discharged,total_nctr,total_discharged,total_not_discharged,reporting_days,nctr_not_discharged_rate,nctr_discharged_rate
NORTH WEST,NHS GREATER MANCHESTER INTEGRATED CARE BOARD,RM3,NORTHERN CARE ALLIANCE NHS FOUNDATION TRUST,213.95342465753424,12.183561643835617,201.76986301369863,78093.0,4447.0,73646.0,365,94.3055075358867,5.694492464113301
LONDON,NHS SOUTH WEST LONDON INTEGRATED CARE BOARD,RJ7,ST GEORGE'S UNIVERSITY HOSPITALS NHS FOUNDATION TRUST,114.23013698630137,18.34794520547945,95.88219178082191,41694.0,6697.0,34997.0,365,83.93773684462992,16.062263155370076
MIDLANDS,NHS BLACK COUNTRY INTEGRATED CARE BOARD,RBK,WALSALL HEALTHCARE NHS TRUST,87.46575342465754,15.624657534246575,71.84109589041095,31925.0,5703.0,26222.0,365,82.13625685199688,17.863743148003135
NORTH EAST AND YORKSHIRE,NHS HUMBER AND NORTH YORKSHIRE INTEGRATED CARE BOARD,RJL,NORTHERN LINCOLNSHIRE AND GOOLE NHS FOUNDATION TRUST,106.35068493150685,20.156164383561645,86.1945205479452,38818.0,7357.0,31461.0,365,81.04745221289093,18.952547787109072
MIDLANDS,NHS NORTHAMPTONSHIRE INTEGRATED CARE BOARD,RNS,NORTHAMPTON GENERAL HOSPITAL NHS TRUST,153.25479452054793,30.81917808219178,122.43561643835616,55938.0,11249.0,44689.0,365,79.89023561800565,20.109764381994353
NORTH WEST,NHS CHESHIRE AND MERSEYSIDE INTEGRATED CARE BOARD,RJN,EAST CHESHIRE NHS TRUST,77.00821917808219,17.03835616438356,59.96986301369863,28108.0,6219.0,21889.0,365,77.87462644087093,22.125373559129073
SOUTH EAST,NHS SUSSEX INTEGRATED CARE BOARD,RXC,EAST SUSSEX HEALTHCARE NHS TRUST,215.41095890410958,48.134246575342466,167.27671232876713,78625.0,17569.0,61056.0,365,77.65468998410174,22.34531001589825
NORTH EAST AND YORKSHIRE,NHS SOUTH YORKSHIRE INTEGRATED CARE BOARD,RP5,DONCASTER AND BASSETLAW TEACHING HOSPITALS NHS FOUNDATION TRUST,137.0246575342466,31.684931506849313,105.33972602739726,50014.0,11565.0,38449.0,365,76.87647458711561,23.123525412884394
LONDON,NHS SOUTH WEST LONDON INTEGRATED CARE BOARD,RVR,EPSOM AND ST HELIER UNIVERSITY HOSPITALS NHS TRUST,163.44383561643835,41.443835616438356,122.0,59657.0,15127.0,44530.0,365,74.64337797743768,25.356622022562313
NORTH EAST AND YORKSHIRE,NHS WEST YORKSHIRE INTEGRATED CARE BOARD,RCD,HARROGATE AND DISTRICT NHS FOUNDATION TRUST,34.33424657534247,9.131506849315068,25.202739726027396,12532.0,3333.0,9199.0,365,73.404085541015,26.595914458985
NORTH EAST AND YORKSHIRE,NHS NORTH EAST AND NORTH CUMBRIA INTEGRATED CARE BOARD,RXP,COUNTY DURHAM AND DARLINGTON NHS FOUNDATION TRUST,62.92602739726028,17.065753424657533,45.86027397260274,22968.0,6229.0,16739.0,365,72.87965865552073,27.120341344479275
NORTH EAST AND YORKSHIRE,NHS HUMBER AND NORTH YORKSHIRE INTEGRATED CARE BOARD,RCB,YORK AND SCARBOROUGH TEACHING HOSPITALS NHS FOUNDATION TRUST,158.63013698630138,43.553424657534244,115.07671232876713,57900.0,15897.0,42003.0,365,72.5440414507772,27.455958549222796
MIDLANDS,NHS COVENTRY AND WARWICKSHIRE INTEGRATED CARE BOARD,RKB,UNIVERSITY HOSPITALS COVENTRY AND WARWICKSHIRE NHS TRUST,236.64931506849314,66.40821917808219,170.24109589041095,86377.0,24239.0,62138.0,365,71.93813167857184,28.061868321428157
SOUTH EAST,NHS SUSSEX INTEGRATED CARE BOARD,RYR,UNIVERSITY HOSPITALS SUSSEX NHS FOUNDATION TRUST,533.4356164383562,157.33698630136988,376.0986301369863,194704.0,57428.0,137276.0,365,70.50497164927275,29.49502835072726
NORTH WEST,NHS CHESHIRE AND MERSEYSIDE INTEGRATED CARE BOARD,RWW,WARRINGTON AND HALTON TEACHING HOSPITALS NHS FOUNDATION TRUST,175.813698630137,51.895890410958906,123.91780821917808,64172.0,18942.0,45230.0,365,70.48245340647011,29.517546593529886
NORTH WEST,NHS LANCASHIRE AND SOUTH CUMBRIA INTEGRATED CARE BOARD,RTX,UNIVERSITY HOSPITALS OF MORECAMBE BAY NHS FOUNDATION TRUST,202.42465753424656,63.134246575342466,139.29041095890412,73885.0,23044.0,50841.0,365,68.810990052108,31.189009947891993
SOUTH EAST,NHS KENT AND MEDWAY INTEGRATED CARE BOARD,RPA,MEDWAY NHS FOUNDATION TRUST,179.93972602739726,56.293150684931504,123.64657534246575,65678.0,20547.0,45131.0,365,68.71555163068302,31.28444836931697
NORTH WEST,NHS CHESHIRE AND MERSEYSIDE INTEGRATED CARE BOARD,REM,LIVERPOOL UNIVERSITY HOSPITALS NHS FOUNDATION TRUST,476.8684931506849,149.35068493150686,327.5178082191781,174057.0,54513.0,119544.0,365,68.68094934418035,31.319050655819648
SOUTH EAST,NHS HAMPSHIRE AND ISLE OF WIGHT INTEGRATED CARE BOARD,RHU,PORTSMOUTH HOSPITALS UNIVERSITY NATIONAL HEALTH SERVICE TRUST,375.83561643835617,118.06575342465753,257.7698630136986,137180.0,43094.0,94086.0,365,68.58579967925354,31.414200320746467
LONDON,NHS NORTH CENTRAL LONDON INTEGRATED CARE BOARD,RKE,WHITTINGTON HEALTH NHS TRUST,68.7972602739726,21.693150684931506,47.104109589041094,25111.0,7918.0,17193.0,365,68.46800207080562,31.53199792919438
NORTH WEST,NHS CHESHIRE AND MERSEYSIDE INTEGRATED CARE BOARD,RJR,COUNTESS OF CHESTER HOSPITAL NHS FOUNDATION TRUST,154.5095890410959,48.75890410958904,105.75068493150685,56396.0,17797.0,38599.0,365,68.442797361515,31.557202638485
MIDLANDS,NHS LINCOLNSHIRE INTEGRATED CARE BOARD,RWD,UNITED LINCOLNSHIRE HOSPITALS NHS TRUST,234.64931506849314,77.54520547945205,157.1041095890411,85647.0,28304.0,57343.0,365,66.95272455544269,33.047275444557314
NORTH WEST,NHS CHESHIRE AND MERSEYSIDE INTEGRATED CARE BOARD,RBN,MERSEY AND WEST LANCASHIRE TEACHING HOSPITALS NHS TRUST,370.76164383561644,127.13972602739726,243.62191780821917,135328.0,46406.0,88922.0,365,65.70850082761882,34.29149917238118
EAST OF ENGLAND,NHS CAMBRIDGESHIRE AND PETERBOROUGH INTEGRATED CARE BOARD,RGT,CAMBRIDGE UNIVERSITY HOSPITALS NHS FOUNDATION TRUST,197.84657534246574,67.86849315068493,129.97808219178083,72214.0,24772.0,47442.0,365,65.69640235965325,34.303597640346744
SOUTH EAST,NHS KENT AND MEDWAY INTEGRATED CARE BOARD,RVV,EAST KENT HOSPITALS UNIVERSITY NHS FOUNDATION TRUST,264.44109589041096,91.58356164383562,172.85753424657534,96521.0,33428.0,63093.0,365,65.36712218066535,34.63287781933465
NORTH EAST AND YORKSHIRE,NHS NORTH EAST AND NORTH CUMBRIA INTEGRATED CARE BOARD,R0B,SOUTH TYNESIDE AND SUNDERLAND NHS FOUNDATION TRUST,313.013698630137,108.93698630136986,204.07671232876712,114250.0,39762.0,74488.0,365,65.19737417943107,34.80262582056893
NORTH WEST,NHS GREATER MANCHESTER INTEGRATED CARE BOARD,RMC,BOLTON NHS FOUNDATION TRUST,135.87123287671233,48.446575342465756,87.42465753424658,49593.0,17683.0,31910.0,365,64.34375819168028,35.65624180831972
SOUTH WEST,NHS SOMERSET INTEGRATED CARE BOARD,RH5,SOMERSET NHS FOUNDATION TRUST,301.0712328767123,107.63835616438357,193.43287671232878,109891.0,39288.0,70603.0,365,64.24820958950232,35.75179041049768
SOUTH EAST,NHS HAMPSHIRE AND ISLE OF WIGHT INTEGRATED CARE BOARD,RHM,UNIVERSITY HOSPITAL SOUTHAMPTON NHS FOUNDATION TRUST,350.4547945205479,126.96164383561644,223.4931506849315,127916.0,46341.0,81575.0,365,63.772319334563306,36.227680665436694
SOUTH EAST,NHS HAMPSHIRE AND ISLE OF WIGHT INTEGRATED CARE BOARD,RN5,HAMPSHIRE HOSPITALS NHS FOUNDATION TRUST,257.23835616438356,93.9945205479452,163.24383561643836,93892.0,34308.0,59584.0,365,63.46014569931411,36.53985430068589
SOUTH WEST,NHS DORSET INTEGRATED CARE BOARD,RBD,DORSET COUNTY HOSPITAL NHS FOUNDATION TRUST,106.26027397260275,39.016438356164386,67.24383561643836,38785.0,14241.0,24544.0,365,63.28219672553822,36.71780327446177
SOUTH WEST,"NHS BRISTOL, NORTH SOMERSET AND SOUTH GLOUCESTERSHIRE INTEGRATED CARE BOARD",RVJ,NORTH BRISTOL NHS TRUST,288.7150684931507,106.42739726027398,182.2876712328767,105381.0,38846.0,66535.0,365,63.13756749319137,36.86243250680863
LONDON,NHS NORTH WEST LONDON INTEGRATED CARE BOARD,R1K,LONDON NORTH WEST UNIVERSITY HEALTHCARE NHS TRUST,292.50958904109586,107.87123287671233,184.63835616438357,106766.0,39373.0,67393.0,365,63.12215499316262,36.87784500683738
NORTH WEST,NHS GREATER MANCHESTER INTEGRATED CARE BOARD,RRF,"WRIGHTINGTON, WIGAN AND LEIGH NHS FOUNDATION TRUST",138.07671232876712,50.95890410958904,87.11780821917809,50398.0,18600.0,31798.0,365,63.093773562442955,36.906226437557045
NORTH EAST AND YORKSHIRE,NHS WEST YORKSHIRE INTEGRATED CARE BOARD,RWY,CALDERDALE AND HUDDERSFIELD NHS FOUNDATION TRUST,208.93424657534246,77.27671232876712,131.65753424657535,76261.0,28206.0,48055.0,365,63.013860295563916,36.986139704436084
SOUTH WEST,"NHS BATH AND NORTH EAST SOMERSET, SWINDON AND WILTSHIRE INTEGRATED CARE BOARD",RNZ,SALISBURY NHS FOUNDATION TRUST,127.8986301369863,47.608219178082194,80.2904109589041,46683.0,17377.0,29306.0,365,62.776599618704886,37.22340038129512
MIDLANDS,NHS BIRMINGHAM AND SOLIHULL INTEGRATED CARE BOARD,RRK,UNIVERSITY HOSPITALS BIRMINGHAM NHS FOUNDATION TRUST,465.8821917808219,175.42739726027398,290.4547945205479,170047.0,64031.0,106016.0,365,62.345116350185535,37.654883649814465
SOUTH WEST,NHS DORSET INTEGRATED CARE BOARD,R0D,UNIVERSITY HOSPITALS DORSET NHS FOUNDATION TRUST,323.2219178082192,121.73972602739725,201.48219178082192,117976.0,44435.0,73541.0,365,62.335559774869466,37.664440225130534
LONDON,NHS SOUTH EAST LONDON INTEGRATED CARE BOARD,RJ2,LEWISHAM AND GREENWICH NHS TRUST,246.25205479452055,92.92054794520548,153.33150684931508,89882.0,33916.0,55966.0,365,62.266082196657834,37.73391780334216
EAST OF ENGLAND,NHS NORFOLK AND WAVENEY INTEGRATED CARE BOARD,RCX,"THE QUEEN ELIZABETH HOSPITAL, KING'S LYNN, NHS FOUNDATION TRUST",58.69041095890411,22.167123287671235,36.52328767123288,21422.0,8091.0,13331.0,365,62.23041732798058,37.76958267201942
NORTH EAST AND YORKSHIRE,NHS WEST YORKSHIRE INTEGRATED CARE BOARD,RR8,LEEDS TEACHING HOSPITALS NHS TRUST,450.1205479452055,170.8876712328767,279.2328767123288,164294.0,62374.0,101920.0,365,62.035132141161576,37.964867858838424
NORTH EAST AND YORKSHIRE,NHS NORTH EAST AND NORTH CUMBRIA INTEGRATED CARE BOARD,RNN,NORTH CUMBRIA INTEGRATED CARE NHS FOUNDATION TRUST,150.17260273972602,57.09315068493151,93.07945205479452,54813.0,20839.0,33974.0,365,61.981646689653914,38.018353310346086
SOUTH WEST,"NHS BRISTOL, NORTH SOMERSET AND SOUTH GLOUCESTERSHIRE INTEGRATED CARE BOARD",RA7,UNIVERSITY HOSPITALS BRISTOL AND WESTON NHS FOUNDATION TRUST,299.1315068493151,114.08767123287672,185.04383561643834,109183.0,41642.0,67541.0,365,61.86036287700466,38.13963712299534
SOUTH EAST,NHS HAMPSHIRE AND ISLE OF WIGHT INTEGRATED CARE BOARD,R1F,ISLE OF WIGHT NHS TRUST,98.41369863013699,38.0958904109589,60.31780821917808,35921.0,13905.0,22016.0,365,61.29005317223908,38.70994682776092
NORTH WEST,NHS CHESHIRE AND MERSEYSIDE INTEGRATED CARE BOARD,RBL,WIRRAL UNIVERSITY TEACHING HOSPITAL NHS FOUNDATION TRUST,179.186301369863,69.63561643835617,109.55068493150685,65403.0,25417.0,39986.0,365,61.13786829350336,38.86213170649665
NORTH EAST AND YORKSHIRE,NHS SOUTH YORKSHIRE INTEGRATED CARE BOARD,RHQ,SHEFFIELD TEACHING HOSPITALS NHS FOUNDATION TRUST,394.6876712328767,155.72328767123287,238.96438356164384,144061.0,56839.0,87222.0,365,60.545185719938075,39.45481428006192
LONDON,NHS NORTH CENTRAL LONDON INTEGRATED CARE BOARD,RAL,ROYAL FREE LONDON NHS FOUNDATION TRUST,336.241095890411,133.78082191780823,202.46027397260275,122728.0,48830.0,73898.0,365,60.21282836842449,39.78717163157552
SOUTH EAST,NHS FRIMLEY INTEGRATED CARE BOARD,RDU,FRIMLEY HEALTH NHS FOUNDATION TRUST,308.97534246575344,124.3945205479452,184.5808219178082,112776.0,45404.0,67372.0,365,59.739660920763285,40.260339079236715
SOUTH WEST,"NHS BATH AND NORTH EAST SOMERSET, SWINDON AND WILTSHIRE INTEGRATED CARE BOARD",RN3,GREAT WESTERN HOSPITALS NHS FOUNDATION TRUST,180.86849315068494,73.44383561643835,107.42465753424658,66017.0,26807.0,39210.0,365,59.39379250799036,40.60620749200963
EAST OF ENGLAND,NHS NORFOLK AND WAVENEY INTEGRATED CARE BOARD,RGP,JAMES PAGET UNIVERSITY HOSPITALS NHS FOUNDATION TRUST,115.86849315068493,47.16438356164384,68.7041095890411,42292.0,17215.0,25077.0,365,59.294902109145944,40.70509789085406
LONDON,NHS NORTH WEST LONDON INTEGRATED CARE BOARD,RQM,CHELSEA AND WESTMINSTER HOSPITAL NHS FOUNDATION TRUST,211.61369863013698,87.62191780821918,123.99178082191781,77239.0,31982.0,45257.0,365,58.59345667344217,41.40654332655782
SOUTH EAST,NHS KENT AND MEDWAY INTEGRATED CARE BOARD,RN7,DARTFORD AND GRAVESHAM NHS TRUST,97.99178082191781,40.75616438356165,57.23561643835617,35767.0,14876.0,20891.0,365,58.40858892275001,41.59141107724998
SOUTH WEST,NHS GLOUCESTERSHIRE INTEGRATED CARE BOARD,RTE,GLOUCESTERSHIRE HOSPITALS NHS FOUNDATION TRUST,205.53424657534248,85.4876712328767,120.04657534246576,75020.0,31203.0,43817.0,365,58.40709144228205,41.59290855771794
LONDON,NHS SOUTH WEST LONDON INTEGRATED CARE BOARD,RAX,KINGSTON HOSPITAL NHS FOUNDATION TRUST,84.96712328767123,35.35068493150685,49.61643835616438,31013.0,12903.0,18110.0,365,58.394866668816306,41.605133331183694
NORTH EAST AND YORKSHIRE,NHS WEST YORKSHIRE INTEGRATED CARE BOARD,RXF,MID YORKSHIRE HOSPITALS NHS TRUST,271.972602739726,113.5123287671233,158.46027397260275,99270.0,41432.0,57838.0,365,58.263322252442826,41.73667774755717
SOUTH EAST,"NHS BUCKINGHAMSHIRE, OXFORDSHIRE AND BERKSHIRE WEST INTEGRATED CARE BOARD",RHW,ROYAL BERKSHIRE NHS FOUNDATION TRUST,125.15342465753425,52.320547945205476,72.83287671232877,45681.0,19097.0,26584.0,365,58.19487314200652,41.80512685799347
EAST OF ENGLAND,"NHS BEDFORDSHIRE, LUTON AND MILTON KEYNES INTEGRATED CARE BOARD",RD8,MILTON KEYNES UNIVERSITY HOSPITAL NHS FOUNDATION TRUST,159.1041095890411,67.32328767123288,91.78082191780823,58073.0,24573.0,33500.0,365,57.686015876569144,42.313984123430856
MIDLANDS,NHS BLACK COUNTRY INTEGRATED CARE BOARD,RL4,THE ROYAL WOLVERHAMPTON NHS TRUST,129.3068493150685,55.054794520547944,74.25205479452055,47197.0,20095.0,27102.0,365,57.423141301353894,42.576858698646106
LONDON,NHS SOUTH EAST LONDON INTEGRATED CARE BOARD,RJ1,GUY'S AND ST THOMAS' NHS FOUNDATION TRUST,209.94794520547944,90.9041095890411,119.04383561643836,76631.0,33180.0,43451.0,365,56.70159595985959,43.29840404014041
SOUTH EAST,NHS SUSSEX INTEGRATED CARE BOARD,RTP,SURREY AND SUSSEX HEALTHCARE NHS TRUST,150.1972602739726,65.55068493150685,84.64657534246575,54822.0,23926.0,30896.0,365,56.356936996096465,43.64306300390354
SOUTH EAST,"NHS BUCKINGHAMSHIRE, OXFORDSHIRE AND BERKSHIRE WEST INTEGRATED CARE BOARD",RXQ,BUCKINGHAMSHIRE HEALTHCARE NHS TRUST,105.54520547945205,46.12602739726027,59.41917808219178,38524.0,16836.0,21688.0,365,56.29737306614059,43.70262693385941
NORTH EAST AND YORKSHIRE,NHS HUMBER AND NORTH YORKSHIRE INTEGRATED CARE BOARD,RWA,HULL UNIVERSITY TEACHING HOSPITALS NHS TRUST,276.4164383561644,120.81917808219178,155.5972602739726,100892.0,44099.0,56793.0,365,56.29088530309638,43.70911469690362
NORTH WEST,NHS GREATER MANCHESTER INTEGRATED CARE BOARD,R0A,MANCHESTER UNIVERSITY NHS FOUNDATION TRUST,535.3123287671233,235.18082191780823,300.1315068493151,195389.0,85841.0,109548.0,365,56.06661582791253,43.93338417208747
SOUTH WEST,"NHS BATH AND NORTH EAST SOMERSET, SWINDON AND WILTSHIRE INTEGRATED CARE BOARD",RD1,ROYAL UNITED HOSPITALS BATH NHS FOUNDATION TRUST,144.4,63.95616438356164,80.44383561643835,52706.0,23344.0,29362.0,365,55.709027435206615,44.29097256479338
MIDLANDS,"NHS SHROPSHIRE, TELFORD AND WREKIN INTEGRATED CARE BOARD",RXW,SHREWSBURY AND TELFORD HOSPITAL NHS TRUST,211.17534246575343,94.33150684931506,116.84383561643835,77079.0,34431.0,42648.0,365,55.330245592184646,44.66975440781536
SOUTH EAST,NHS SURREY HEARTLANDS INTEGRATED CARE BOARD,RTK,ASHFORD AND ST PETER'S HOSPITALS NHS FOUNDATION TRUST,94.04109589041096,42.12602739726027,51.915068493150685,34325.0,15376.0,18949.0,365,55.20466132556445,44.79533867443554
LONDON,NHS NORTH WEST LONDON INTEGRATED CARE BOARD,RYJ,IMPERIAL COLLEGE HEALTHCARE NHS TRUST,230.42739726027398,103.63561643835617,126.79178082191781,84106.0,37827.0,46279.0,365,55.024611799396,44.975388200604
MIDLANDS,NHS NOTTINGHAM AND NOTTINGHAMSHIRE INTEGRATED CARE BOARD,RK5,SHERWOOD FOREST HOSPITALS NHS FOUNDATION TRUST,162.81095890410958,73.38630136986302,89.42465753424658,59426.0,26786.0,32640.0,365,54.92545350519974,45.07454649480025
MIDLANDS,NHS NOTTINGHAM AND NOTTINGHAMSHIRE INTEGRATED CARE BOARD,RX1,NOTTINGHAM UNIVERSITY HOSPITALS NHS TRUST,362.0493150684932,163.44109589041096,198.60821917808218,132148.0,59656.0,72492.0,365,54.85667584829132,45.14332415170869
SOUTH EAST,NHS KENT AND MEDWAY INTEGRATED CARE BOARD,RWF,MAIDSTONE AND TUNBRIDGE WELLS NHS TRUST,136.44383561643835,61.90684931506849,74.53698630136986,49802.0,22596.0,27206.0,365,54.62832817959118,45.37167182040882
LONDON,NHS NORTH EAST LONDON INTEGRATED CARE BOARD,RF4,"BARKING, HAVERING AND REDBRIDGE UNIVERSITY HOSPITALS NHS TRUST",178.62465753424658,81.98630136986301,96.63835616438357,65198.0,29925.0,35273.0,365,54.101352802233194,45.8986471977668
LONDON,NHS NORTH EAST LONDON INTEGRATED CARE BOARD,R1H,BARTS HEALTH NHS TRUST,320.68219178082194,147.96712328767123,172.71506849315068,117049.0,54008.0,63041.0,365,53.858640398465596,46.1413596015344
MIDLANDS,NHS DERBY AND DERBYSHIRE INTEGRATED CARE BOARD,RFS,CHESTERFIELD ROYAL HOSPITAL NHS FOUNDATION TRUST,132.66849315068492,61.586301369863016,71.08219178082192,48424.0,22479.0,25945.0,365,53.57880389889311,46.42119610110689
LONDON,NHS NORTH EAST LONDON INTEGRATED CARE BOARD,RQX,HOMERTON UNIVERSITY HOSPITAL NHS FOUNDATION TRUST,63.76986301369863,29.76986301369863,34.0,23276.0,10866.0,12410.0,365,53.31672108609726,46.68327891390273
MIDLANDS,NHS NORTHAMPTONSHIRE INTEGRATED CARE BOARD,RNQ,KETTERING GENERAL HOSPITAL NHS FOUNDATION TRUST,118.21095890410959,55.92054794520548,62.29041095890411,43147.0,20411.0,22736.0,365,52.69427770181009,47.305722298189906
SOUTH EAST,NHS SURREY HEARTLANDS INTEGRATED CARE BOARD,RA2,ROYAL SURREY COUNTY HOSPITAL NHS FOUNDATION TRUST,120.96986301369863,57.81643835616438,63.153424657534245,44154.0,21103.0,23051.0,365,52.20591565883046,47.79408434116954
NORTH EAST AND YORKSHIRE,NHS SOUTH YORKSHIRE INTEGRATED CARE BOARD,RFR,THE ROTHERHAM NHS FOUNDATION TRUST,150.92876712328768,73.04931506849314,77.87945205479453,55089.0,26663.0,28426.0,365,51.60013795857612,48.39986204142388
SOUTH WEST,NHS CORNWALL AND THE ISLES OF SCILLY INTEGRATED CARE BOARD,REF,ROYAL CORNWALL HOSPITALS NHS TRUST,167.8876712328767,82.14246575342466,85.74520547945205,61279.0,29982.0,31297.0,365,51.072961373390555,48.927038626609445
SOUTH WEST,NHS DEVON INTEGRATED CARE BOARD,RH8,ROYAL DEVON UNIVERSITY HEALTHCARE NHS FOUNDATION TRUST,285.8027397260274,140.04931506849314,145.75342465753425,104318.0,51118.0,53200.0,365,50.997910236009126,49.002089763990874
MIDLANDS,NHS HEREFORDSHIRE AND WORCESTERSHIRE INTEGRATED CARE BOARD,RLQ,WYE VALLEY NHS TRUST,84.33698630136986,41.654794520547945,42.68219178082192,30783.0,15204.0,15579.0,365,50.609102426664066,49.390897573335934
MIDLANDS,NHS HEREFORDSHIRE AND WORCESTERSHIRE INTEGRATED CARE BOARD,RWP,WORCESTERSHIRE ACUTE HOSPITALS NHS TRUST,226.2164383561644,112.46575342465754,113.75068493150685,82569.0,41050.0,41519.0,365,50.284004892877476,49.71599510712253
NORTH WEST,NHS CHESHIRE AND MERSEYSIDE INTEGRATED CARE BOARD,RBT,MID CHESHIRE HOSPITALS NHS FOUNDATION TRUST,169.24383561643836,84.83561643835617,84.40821917808219,61774.0,30965.0,30809.0,365,49.87373328584842,50.126266714151576
MIDLANDS,NHS COVENTRY AND WARWICKSHIRE INTEGRATED CARE BOARD,RLT,GEORGE ELIOT HOSPITAL NHS TRUST,85.4876712328767,42.863013698630134,42.62465753424657,31203.0,15645.0,15558.0,365,49.860590327853096,50.139409672146904
EAST OF ENGLAND,NHS HERTFORDSHIRE AND WEST ESSEX INTEGRATED CARE BOARD,RQW,THE PRINCESS ALEXANDRA HOSPITAL NHS TRUST,94.65753424657534,47.487671232876714,47.16986301369863,34550.0,17333.0,17217.0,365,49.832127351664255,50.167872648335745
NORTH EAST AND YORKSHIRE,NHS WEST YORKSHIRE INTEGRATED CARE BOARD,RCF,AIREDALE NHS FOUNDATION TRUST,107.04931506849314,53.73150684931507,53.31780821917808,39073.0,19612.0,19461.0,365,49.80677193970261,50.19322806029739
NORTH EAST AND YORKSHIRE,NHS WEST YORKSHIRE INTEGRATED CARE BOARD,RAE,BRADFORD TEACHING HOSPITALS NHS FOUNDATION TRUST,120.81369863013698,61.43835616438356,59.37534246575343,44097.0,22425.0,21672.0,365,49.1462004217974,50.8537995782026
NORTH WEST,NHS GREATER MANCHESTER INTEGRATED CARE BOARD,RWJ,STOCKPORT NHS FOUNDATION TRUST,138.43287671232878,70.88767123287671,67.54520547945205,50528.0,25874.0,24654.0,365,48.792748575047504,51.2072514249525
NORTH WEST,NHS GREATER MANCHESTER INTEGRATED CARE BOARD,RMP,TAMESIDE AND GLOSSOP INTEGRATED CARE NHS FOUNDATION TRUST,95.02465753424657,49.37808219178082,45.64657534246575,34684.0,18023.0,16661.0,365,48.03655864375504,51.96344135624496
NORTH EAST AND YORKSHIRE,NHS NORTH EAST AND NORTH CUMBRIA INTEGRATED CARE BOARD,RR7,GATESHEAD HEALTH NHS FOUNDATION TRUST,98.83835616438355,51.45753424657534,47.38082191780822,36076.0,18782.0,17294.0,365,47.937687105000556,52.062312894999444
SOUTH WEST,NHS DEVON INTEGRATED CARE BOARD,RK9,UNIVERSITY HOSPITALS PLYMOUTH NHS TRUST,222.3582089552239,117.55820895522388,104.8,74490.0,39382.0,35108.0,335,47.13115854477111,52.86884145522889
EAST OF ENGLAND,NHS SUFFOLK AND NORTH EAST ESSEX INTEGRATED CARE BOARD,RDE,EAST SUFFOLK AND NORTH ESSEX NHS FOUNDATION TRUST,221.47397260273974,118.11780821917809,103.35616438356165,80838.0,43113.0,37725.0,365,46.66740889185779,53.33259110814221
EAST OF ENGLAND,NHS HERTFORDSHIRE AND WEST ESSEX INTEGRATED CARE BOARD,RWH,EAST AND NORTH HERTFORDSHIRE NHS TRUST,123.32054794520548,67.62465753424658,55.6958904109589,45012.0,24683.0,20329.0,365,45.16351195236826,54.83648804763174
MIDLANDS,NHS STAFFORDSHIRE AND STOKE-ON-TRENT INTEGRATED CARE BOARD,RTG,UNIVERSITY HOSPITALS OF DERBY AND BURTON NHS FOUNDATION TRUST,312.76164383561644,171.7972602739726,140.96438356164384,114158.0,62706.0,51452.0,365,45.07086669353002,54.92913330646998
NORTH WEST,NHS LANCASHIRE AND SOUTH CUMBRIA INTEGRATED CARE BOARD,RXR,EAST LANCASHIRE HOSPITALS NHS TRUST,181.93972602739726,100.27123287671233,81.66849315068494,66408.0,36599.0,29809.0,365,44.88766413685098,55.11233586314902
MIDLANDS,NHS STAFFORDSHIRE AND STOKE-ON-TRENT INTEGRATED CARE BOARD,RJE,UNIVERSITY HOSPITALS OF NORTH MIDLANDS NHS TRUST,295.5068493150685,164.1041095890411,131.4027397260274,107860.0,59898.0,47962.0,365,44.46690153903208,55.53309846096792
EAST OF ENGLAND,"NHS BEDFORDSHIRE, LUTON AND MILTON KEYNES INTEGRATED CARE BOARD",RC9,BEDFORDSHIRE HOSPITALS NHS FOUNDATION TRUST,198.76438356164383,111.07123287671233,87.69315068493151,72549.0,40541.0,32008.0,365,44.119147059228936,55.880852940771064
NORTH WEST,NHS LANCASHIRE AND SOUTH CUMBRIA INTEGRATED CARE BOARD,RXN,LANCASHIRE TEACHING HOSPITALS NHS FOUNDATION TRUST,210.5917808219178,117.9068493150685,92.68493150684931,76866.0,43036.0,33830.0,365,44.011656649233736,55.988343350766264
LONDON,NHS NORTH CENTRAL LONDON INTEGRATED CARE BOARD,RRV,UNIVERSITY COLLEGE LONDON HOSPITALS NHS FOUNDATION TRUST,143.3945205479452,80.59452054794521,62.8,52339.0,29417.0,22922.0,365,43.79525783832324,56.204742161676755
LONDON,NHS SOUTH EAST LONDON INTEGRATED CARE BOARD,RJZ,KING'S COLLEGE HOSPITAL NHS FOUNDATION TRUST,212.3123287671233,119.86301369863014,92.44931506849315,77494.0,43750.0,33744.0,365,43.5440163109402,56.4559836890598
NORTH EAST AND YORKSHIRE,NHS NORTH EAST AND NORTH CUMBRIA INTEGRATED CARE BOARD,RTR,SOUTH TEES HOSPITALS NHS FOUNDATION TRUST,188.0191780821918,107.14520547945206,80.87397260273973,68627.0,39108.0,29519.0,365,43.0136826613432,56.986317338656804
EAST OF ENGLAND,NHS SUFFOLK AND NORTH EAST ESSEX INTEGRATED CARE BOARD,RGR,WEST SUFFOLK NHS FOUNDATION TRUST,110.4904109589041,63.057534246575344,47.43287671232877,40329.0,23016.0,17313.0,365,42.92940563862233,57.07059436137767
NORTH EAST AND YORKSHIRE,NHS NORTH EAST AND NORTH CUMBRIA INTEGRATED CARE BOARD,RTF,NORTHUMBRIA HEALTHCARE NHS FOUNDATION TRUST,154.04931506849314,88.1041095890411,65.94520547945206,56228.0,32158.0,24070.0,365,42.807853738351,57.192146261649
NORTH EAST AND YORKSHIRE,NHS SOUTH YORKSHIRE INTEGRATED CARE BOARD,RFF,BARNSLEY HOSPITAL NHS FOUNDATION TRUST,116.65753424657534,67.56986301369864,49.087671232876716,42580.0,24663.0,17917.0,365,42.07844058243307,57.92155941756694
NORTH EAST AND YORKSHIRE,NHS NORTH EAST AND NORTH CUMBRIA INTEGRATED CARE BOARD,RVW,NORTH TEES AND HARTLEPOOL NHS FOUNDATION TRUST,61.14246575342466,35.74246575342466,25.4,22317.0,13046.0,9271.0,365,41.54232199668414,58.45767800331586
MIDLANDS,"NHS LEICESTER, LEICESTERSHIRE AND RUTLAND INTEGRATED CARE BOARD",RWE,UNIVERSITY HOSPITALS OF LEICESTER NHS TRUST,471.2054794520548,278.3808219178082,192.82465753424657,171990.0,101609.0,70381.0,365,40.92156520727949,59.0784347927205
EAST OF ENGLAND,NHS HERTFORDSHIRE AND WEST ESSEX INTEGRATED CARE BOARD,RWG,WEST HERTFORDSHIRE TEACHING HOSPITALS NHS TRUST,152.6958904109589,90.65753424657534,62.038356164383565,55734.0,33090.0,22644.0,365,40.62870061362903,59.37129938637098
MIDLANDS,NHS COVENTRY AND WARWICKSHIRE INTEGRATED CARE BOARD,RJC,SOUTH WARWICKSHIRE NHS FOUNDATION TRUST,35.74520547945205,21.704109589041096,14.04109589041096,13047.0,7922.0,5125.0,365,39.281060780256,60.71893921974401
EAST OF ENGLAND,NHS CAMBRIDGESHIRE AND PETERBOROUGH INTEGRATED CARE BOARD,RGN,NORTH WEST ANGLIA NHS FOUNDATION TRUST,167.43835616438355,101.67945205479452,65.75890410958904,61115.0,37113.0,24002.0,365,39.27350077722327,60.72649922277673
SOUTH EAST,"NHS BUCKINGHAMSHIRE, OXFORDSHIRE AND BERKSHIRE WEST INTEGRATED CARE BOARD",RTH,OXFORD UNIVERSITY HOSPITALS NHS FOUNDATION TRUST,191.5205479452055,116.41095890410959,75.10958904109589,69905.0,42490.0,27415.0,365,39.21750947714756,60.78249052285244
SOUTH WEST,NHS DEVON INTEGRATED CARE BOARD,RA9,TORBAY AND SOUTH DEVON NHS FOUNDATION TRUST,78.41643835616438,47.97808219178082,30.438356164383563,28622.0,17512.0,11110.0,365,38.816295157571105,61.183704842428895
MIDLANDS,NHS BLACK COUNTRY INTEGRATED CARE BOARD,RNA,THE DUDLEY GROUP NHS FOUNDATION TRUST,111.76712328767124,69.14246575342466,42.62465753424657,40795.0,25237.0,15558.0,365,38.137026596396616,61.862973403603384
LONDON,NHS NORTH WEST LONDON INTEGRATED CARE BOARD,RAS,THE HILLINGDON HOSPITALS NHS FOUNDATION TRUST,55.534246575342465,35.131506849315066,20.4027397260274,20270.0,12823.0,7447.0,365,36.73902318697583,63.26097681302417
NORTH WEST,NHS LANCASHIRE AND SOUTH CUMBRIA INTEGRATED CARE BOARD,RXL,BLACKPOOL TEACHING HOSPITALS NHS FOUNDATION TRUST,107.58082191780822,70.3890410958904,37.19178082191781,39267.0,25692.0,13575.0,365,34.57101382840553,65.42898617159447
EAST OF ENGLAND,NHS MID AND SOUTH ESSEX INTEGRATED CARE BOARD,RAJ,MID AND SOUTH ESSEX NHS FOUNDATION TRUST,314.9095890410959,221.53698630136986,93.37260273972603,114942.0,80861.0,34081.0,365,29.65060639278941,70.3493936072106
MIDLANDS,NHS BLACK COUNTRY INTEGRATED CARE BOARD,RXK,SANDWELL AND WEST BIRMINGHAM HOSPITALS NHS TRUST,122.31506849315069,88.69315068493151,33.62191780821918,44645.0,32373.0,12272.0,365,27.487960577892263,72.51203942210775
LONDON,NHS SOUTH WEST LONDON INTEGRATED CARE BOARD,RJ6,CROYDON HEALTH SERVICES NHS TRUST,50.084931506849315,41.8,8.284931506849315,18281.0,15257.0,3024.0,365,16.54176467370494,83.45823532629507
EAST OF ENGLAND,NHS NORFOLK AND WAVENEY INTEGRATED CARE BOARD,RM1,NORFOLK AND NORWICH UNIVERSITY HOSPITALS NHS FOUNDATION TRUST,162.25753424657535,136.4054794520548,25.852054794520548,59224.0,49788.0,9436.0,365,15.932729974334729,84.06727002566528
NORTH EAST AND YORKSHIRE,NHS NORTH EAST AND NORTH CUMBRIA INTEGRATED CARE BOARD,RTD,THE NEWCASTLE UPON TYNE HOSPITALS NHS FOUNDATION TRUST,164.8082191780822,138.63013698630138,26.17808219178082,60155.0,50600.0,9555.0,365,15.883966420081455,84.11603357991855
